mode,load,0_whisper-1,1_diffusion-1
tm,1.0,279.1452407836914,10554.473400115967
