mode,load,0_whisper-1,1_diffusion-1
tm,1.0,811.0054016113281,13646.494483947754
