mode,load,0_whisper-1,1_diffusion-1
tm,1.0,814.4036054611206,13657.428503036499
