mode,load,0_whisper-1,1_diffusion-1
tm,1.0,1.2837504603848342,0.07408433868592577
