mode,load,0_whisper-1,1_diffusion-1
tm,1.0,1.2835237688238432,0.07412897065256946
