mode,load,0_bert-1,1_whisper-1,2_gpt-1
tm,1.0,14.040946960449219,413.56873512268066,3374.1159439086914
