mode,load,0_bert-1,1_whisper-1,2_gpt-1
tm,1.0,23.450851440429688,573.1227397918701,5487.849235534668
