mode,load,0_bert-1,1_whisper-1,2_gpt-1
tm,1.0,18.58027219772339,572.3500156402588,5486.91178560257
