mode,load,0_bert-1,1_whisper-1,2_gpt-1
tm,1.0,65.51156110390973,1.7679301023684197,0.18447578464327644
