mode,load,0_bert-1,1_whisper-1,2_diffusion-1
mps-uncap,1.0,105.18288612365723,908.2729816436768,11703.348398208618
