mode,load,0_bert-1,1_whisper-1,2_diffusion-1
mps-uncap,1.0,22.48966693878174,738.6655807495117,11669.493198394775
