mode,load,0_bert-1,1_whisper-1,2_diffusion-1
mps-uncap,1.0,14.187335968017578,298.46811294555664,10535.130739212036
