mode,load,0_bert-1,1_whisper-1,2_diffusion-1
mps-uncap,1.0,56.43111467361444,869.1157054901124,11702.428102493286
