mode,load,0_bert-1,1_whisper-1,2_diffusion-1
mps-uncap,1.0,34.0256929397583,753.5061836242676,11694.145441055298
