mode,load,0_bert-1,1_whisper-1,2_diffusion-1
mps-uncap,1.0,39.05262499357927,1.3811942993277533,0.08649205916602132
