mode,load,0_bert-1,1_whisper-1,2_gpt-1
tm,1.0,5.284667015075684,534.7573757171631,6119.501709938049
