mode,load,0_bert-1,1_whisper-1,2_gpt-1
tm,1.0,9.916067123413086,555.1061630249023,6166.390895843506
