mode,load,0_bert-1,1_whisper-1,2_gpt-1
tm,1.0,19.06418323516846,795.1901316642761,7696.117362976074
