mode,load,0_bert-1,1_whisper-1,2_gpt-1
tm,1.0,15.817141532897947,793.6387062072754,7689.359784126282
