mode,load,0_bert-1,1_whisper-1,2_gpt-1
tm,1.0,13.488054275512695,791.5670871734619,7675.22668838501
