mode,load,0_bert-1,1_whisper-1,2_gpt-1
tm,1.0,73.13467997296861,1.2662779961998907,0.1321877383509263
