mode,load,0_bert-1,1_whisper-1,2_diffusion-1
mps-uncap,1.0,26.73107147216794,558.9586496353148,8780.21508693695
