mode,load,0_bert-1,1_whisper-1,2_diffusion-1
mps-uncap,1.0,62.48044967651367,570.4452991485596,8780.249118804932
