mode,load,0_bert-1,1_whisper-1,2_diffusion-1
mps-uncap,1.0,18.32504272460938,416.87071323394775,8779.856443405151
