mode,load,0_bert-1,1_whisper-1,2_diffusion-1
mps-uncap,1.0,9.72449779510498,401.85093879699707,8774.708271026611
