mode,load,0_bert-1,1_whisper-1,2_diffusion-1
mps-uncap,1.0,4.765748977661133,255.59020042419434,8464.650392532349
