mode,load,0_bert-1,1_whisper-1,2_diffusion-1
mps-uncap,1.0,88.40464783383055,2.469331807133104,0.11425496964825683
