mode,load,0_whisper-1,1_diffusion-1
tm,1.0,668.3568954467773,8932.01756477356
