mode,load,0_whisper-1,1_diffusion-1
tm,1.0,661.3469123840332,8914.299368858337
