mode,load,0_whisper-1,1_diffusion-1
tm,1.0,661.8945693969727,8928.324098587036
