mode,load,0_whisper-1,1_diffusion-1
tm,1.0,1.5691257916773715,0.11233146304925938
