mode,load,0_whisper-1,1_diffusion-1
mps-uncap,1.0,347.6412296295166,8278.707504272461
