mode,load,0_whisper-1,1_diffusion-1
mps-uncap,1.0,358.03637504577637,8283.474922180176
