mode,load,0_whisper-1,1_diffusion-1
mps-uncap,1.0,226.43733024597168,7994.994878768921
