mode,load,0_whisper-1,1_diffusion-1
mps-uncap,1.0,510.40314197540283,8286.40284538269
