mode,load,0_whisper-1,1_diffusion-1
mps-uncap,1.0,528.6061763763428,8286.85712814331
