mode,load,0_whisper-1,1_diffusion-1
mps-uncap,1.0,2.845155246550967,0.12105961871077534
