mode,load,0_bert-1,1_diffusion-1
tm,1.0,9.037017822265625,11035.834550857544
