mode,load,0_bert-1,1_gpt-1
tm,1.0,11.072587966918945,5199.420785903931
