mode,load,0_bert-1,1_gpt-1
tm,1.0,9.20248031616211,1996.652603149414
