mode,load,0_bert-1,1_gpt-1
tm,1.0,11.188983917236328,5204.535684585571
