mode,load,0_bert-1,1_whisper-1,2_gpt-1
tm,1.0,15.472650527954102,558.8889122009277,5594.29919719696
