mode,load,0_bert-1,1_whisper-1,2_gpt-1
tm,1.0,14.12820816040039,479.5267581939697,5545.032262802124
