mode,load,0_bert-1,1_whisper-1,2_gpt-1
tm,1.0,18.379938602447513,566.4092540740967,5635.890898704529
