mode,load,0_bert-1,1_whisper-1,2_gpt-1
tm,1.0,17.43626594543457,563.8926029205322,5610.964608192444
