mode,load,0_bert-1,1_whisper-1,2_gpt-1
tm,1.0,29.953956604003906,568.4163570404053,5658.363342285156
