mode,load,0_bert-1,1_whisper-1,2_gpt-1
tm,1.0,16.528630256652832,569.7287797927856,5479.719519615173
