mode,load,0_bert-1,1_whisper-1,2_gpt-1
tm,1.0,14.90163803100586,566.1468505859375,5462.139248847961
