mode,load,0_bert-1,1_whisper-1,2_gpt-1
tm,1.0,63.543592415170195,1.7912944634255081,0.1788291067073322
