mode,load,0_bert-1,1_gpt-1,2_diffusion-1
tm,1.0,14.254093170166016,11279.783563613892,12734.999389648436
