mode,load,0_bert-1,1_gpt-1,2_diffusion-1
tm,1.0,14.457225799560547,11291.768789291382,12918.168544769287
