mode,load,0_gpt-1,1_diffusion-1
tm,1.0,6823.9545822143555,13862.958431243896
