mode,load,0_gpt-1,1_diffusion-1
tm,1.0,2775.3098011016846,13808.541536331177
