mode,load,0_gpt-1,1_diffusion-1
tm,1.0,0.1471828020425262,0.07215833961277882
