mode,load,0_bert-1,1_whisper-1,2_gpt-1
tm,1.0,8.55677127838135,550.5890846252441,6143.798208236694
