mode,load,0_bert-1,1_whisper-1,2_gpt-1
tm,1.0,9.113438129425045,553.7069797515869,6164.4303369522095
