mode,load,0_bert-1,1_whisper-1,2_gpt-1
tm,1.0,4.561185836791992,385.71834564208984,2377.0487308502197
