mode,load,0_bert-1,1_whisper-1,2_gpt-1
tm,1.0,156.11485720490444,1.8630713899659628,0.16541944071572814
