mode,load,0_bert-1,1_diffusion-1
tm,1.0,7.559061050415039,11709.598004817963
