mode,load,0_bert-1,1_diffusion-1
tm,1.0,7.4710845947265625,11702.882409095764
