mode,load,0_bert-1,1_diffusion-1
tm,1.0,10.079145431518555,11709.74612236023
