mode,load,0_whisper-1,1_gpt-1,2_diffusion-1
tm,1.0,1015.1092863082887,10030.039882659912,16852.09904909134
