mode,load,0_whisper-1,1_gpt-1,2_diffusion-1
tm,1.0,1011.4143371582031,8943.898391723633,16844.45035457611
