mode,load,0_whisper-1,1_gpt-1,2_diffusion-1
tm,1.0,1005.4717063903809,8658.11014175415,16816.62619113922
