mode,load,0_whisper-1,1_gpt-1,2_diffusion-1
tm,1.0,1005.4128170013428,9759.042024612427,16832.939386367798
