mode,load,0_whisper-1,1_gpt-1,2_diffusion-1
tm,1.0,570.9986686706543,5075.525999069214,16794.047117233276
