mode,load,0_whisper-1,1_gpt-1,2_diffusion-1
tm,1.0,1016.7408418655394,8945.893654823303,16871.164071559906
