mode,load,0_whisper-1,1_gpt-1,2_diffusion-1
tm,1.0,1.0140682532430458,0.10214689185005679,0.05941266049965632
