mode,load,0_bert-1,1_whisper-1
tm,1.0,4.79578971862793,247.60699272155762
