mode,load,0_bert-1,1_whisper-1
tm,1.0,7.8563690185546875,258.0258846282959
