mode,load,0_bert-1,1_whisper-1
tm,1.0,132.05146960970345,3.883981290716375
