mode,load,0_gpt-1,1_diffusion-1
tm,1.0,7361.5314245224,8128.288221359252
