mode,load,0_gpt-1,1_diffusion-1
tm,1.0,7498.250246047974,8137.1917724609375
