mode,load,0_gpt-1,1_diffusion-1
tm,1.0,6826.034784317017,7592.943429946899
