mode,load,0_gpt-1,1_diffusion-1
tm,1.0,0.14368091928644477,0.12341326458685777
