mode,load,0_bert-1,1_gpt-1
tm,1.0,14.455318450927734,3021.905303001404
