mode,load,0_bert-1,1_diffusion-1
tm,1.0,28.76734733581543,14544.382810592651
