mode,load,0_bert-1,1_diffusion-1
tm,1.0,16.160964965820312,14535.497426986694
