mode,load,0_bert-1,1_diffusion-1
tm,1.0,15.982866287231445,14521.24309539795
