mode,load,0_bert-1,1_diffusion-1
tm,1.0,18.41411590576171,14543.989276885986
