mode,load,0_bert-1,1_gpt-1,2_diffusion-1
tm,1.0,17.123961448669434,10672.463154792786,18579.664850234985
