mode,load,0_bert-1,1_gpt-1,2_diffusion-1
tm,1.0,16.894817352294922,10132.50458240509,18564.5809173584
