mode,load,0_bert-1,1_gpt-1,2_diffusion-1
tm,1.0,13.94796371459961,8210.280418395996,14137.093782424927
