mode,load,0_bert-1,1_gpt-1,2_diffusion-1
tm,1.0,59.89403302240645,0.09725921830195232,0.05465273152302832
