mode,load,0_whisper-1
tm,1.0,183.97808074951172
tm,1.0,183.9311122894287
