mode,load,0_whisper-1
tm,1.0,184.41760540008545
tm,1.0,184.31878089904785
