mode,load,0_whisper-1
tm,1.0,184.27741527557373
tm,1.0,184.17978286743164
