mode,load,0_whisper-1
tm,1.0,184.8177671432495
tm,1.0,184.800124168396
