mode,load,0_whisper-1
tm,1.0,185.08028984069824
tm,1.0,185.11509895324707
