mode,load,0_whisper-1
tm,1.0,5.425674109580491
tm,1.0,5.4286841052367825
