mode,load,0_whisper-1,1_diffusion-1
tm,1.0,313.99083137512207,8472.864389419556
