mode,load,0_whisper-1,1_diffusion-1
tm,1.0,661.6535186767578,8919.029998779297
