mode,load,0_bert-1,1_diffusion-1
tm,1.0,16.676909923553488,14530.572032928467
