mode,load,0_bert-1,1_diffusion-1
tm,1.0,16.14975929260254,14512.1431350708
