mode,load,0_bert-1,1_diffusion-1
tm,1.0,15.98048210144043,14493.257284164429
