mode,load,0_bert-1,1_diffusion-1
tm,1.0,13.909578323364258,13854.56132888794
