mode,load,0_bert-1,1_diffusion-1
tm,1.0,28.972148895263672,14534.041404724121
