mode,load,0_bert-1,1_diffusion-1
tm,1.0,62.49501523458608,0.06924439065767118
