mode,load,0_whisper-1,1_gpt-1,2_diffusion-1
tm,1.0,1018.1550979614258,8946.393728256226,16873.655319213867
