mode,load,0_whisper-1,1_gpt-1,2_diffusion-1
tm,1.0,1.0145437935179027,0.11520140252042321,0.059443188083063016
