mode,load,0_bert-1,1_diffusion-1
tm,1.0,16.698122024536133,11035.60597896576
