mode,load,0_bert-1,1_diffusion-1
tm,1.0,8.960247039794922,8020.158290863037
