mode,load,0_bert-1,1_diffusion-1
tm,1.0,16.79849624633789,11044.550619125366
