mode,load,0_bert-1,1_diffusion-1
tm,1.0,16.597509384155273,11016.77691936493
