mode,load,0_bert-1,1_gpt-1
tm,1.0,16.64977312088013,3025.57373046875
