mode,load,0_bert-1,1_gpt-1
tm,1.0,31.809091567993164,3029.23846244812
