mode,load,0_bert-1,1_gpt-1
tm,1.0,13.95273208618164,2529.072046279907
