mode,load,0_bert-1,1_gpt-1
tm,1.0,14.891386032104492,3010.469436645508
