mode,load,0_bert-1,1_gpt-1
tm,1.0,66.87788509072543,0.3329056719368927
