mode,load,0_whisper-1,1_gpt-1,2_diffusion-1
tm,1.0,986.177134513855,9776.591563224792,9973.516917228699
