mode,load,0_whisper-1,1_gpt-1,2_diffusion-1
tm,1.0,602.7710437774658,7086.123943328857,9482.527732849121
