mode,load,0_whisper-1,1_gpt-1,2_diffusion-1
tm,1.0,964.6406173706055,8979.697823524475,9827.868938446045
