mode,load,0_whisper-1,1_gpt-1,2_diffusion-1
tm,1.0,967.9417610168457,9301.371574401855,9845.390558242798
