mode,load,0_whisper-1,1_gpt-1,2_diffusion-1
tm,1.0,984.6450090408325,9566.286778450012,9962.839603424072
