mode,load,0_whisper-1,1_gpt-1,2_diffusion-1
tm,1.0,635.1916790008545,8769.631624221802,8280.13277053833
