mode,load,0_whisper-1,1_gpt-1,2_diffusion-1
tm,1.0,982.8969240188599,9530.293941497803,9928.114652633667
