mode,load,0_whisper-1,1_gpt-1,2_diffusion-1
tm,1.0,967.4538993835449,9299.808082580566,9845.387697219849
