mode,load,0_whisper-1,1_gpt-1,2_diffusion-1
tm,1.0,966.0731315612793,9030.553555488586,9838.754415512085
