mode,load,0_whisper-1,1_gpt-1,2_diffusion-1
tm,1.0,1.0678095736511093,0.11170175878949724,0.10191025275812537
