mode,load,0_whisper-1,1_gpt-1,2_diffusion-1
tm,1.0,1.0473257507421492,0.10502703815139268,0.101204839518181
