mode,load,0_whisper-1,1_gpt-1
tm,1.0,363.8296127319336,3850.468873977661
