mode,load,0_whisper-1,1_gpt-1
tm,1.0,384.71564054489136,4291.127729415894
