mode,load,0_whisper-1,1_gpt-1
tm,1.0,377.7679204940796,4097.502851486206
