mode,load,0_whisper-1,1_gpt-1
tm,1.0,381.7901945114136,4102.490224838257
