mode,load,0_whisper-1,1_gpt-1
tm,1.0,374.2661476135254,4266.368389129639
