mode,load,0_whisper-1,1_gpt-1
tm,1.0,373.34907054901123,4089.1033411026
