mode,load,0_whisper-1,1_gpt-1
tm,1.0,2.668257720467199,0.23460995085162986
