mode,load,0_bert-1,1_gpt-1,2_diffusion-1
tm,1.0,17.8214430809021,11056.058750152588,18549.700708389282
