mode,load,0_bert-1,1_gpt-1,2_diffusion-1
tm,1.0,17.120361328125,11051.191186904907,18538.333892822266
