mode,load,0_bert-1,1_gpt-1
tm,1.0,9.20724868774414,3569.4053173065186
