mode,load,0_bert-1,1_gpt-1
tm,1.0,10.728120803833008,5186.974763870239
