mode,load,0_bert-1,1_gpt-1
tm,1.0,9.71764087677002,3572.726984024048
