mode,load,0_bert-1,1_gpt-1
tm,1.0,9.62686538696289,3571.89359664917
