mode,load,0_bert-1,1_gpt-1
tm,1.0,10.942459106445312,3572.7896690368652
