mode,load,0_bert-1,1_gpt-1
tm,1.0,11.379718780517578,5207.190990447998
