mode,load,0_bert-1,1_gpt-1
tm,1.0,92.92134719570872,0.19477479607410686
