mode,load,0_bert-1,1_gpt-1
tm,1.0,107.86564169175143,0.2811533063386103
