mode,load,0_bert-1,1_gpt-1
tm,1.0,4.869222640991211,4017.9645061492924
