mode,load,0_bert-1,1_gpt-1
tm,1.0,206.05189760206207,0.24913971531873808
