mode,load,0_bert-1,1_whisper-1
tm,1.0,11.762619018554688,385.84251403808594
