mode,load,0_bert-1,1_whisper-1
tm,1.0,11.241912841796875,381.6049098968506
