mode,load,0_bert-1,1_whisper-1
tm,1.0,9.32765007019043,187.0872974395752
