mode,load,0_bert-1,1_whisper-1
tm,1.0,17.295854091644287,446.08006954193115
