mode,load,0_bert-1,1_whisper-1
tm,1.0,16.51620864868164,439.2940044403076
