mode,load,0_bert-1,1_whisper-1
tm,1.0,8.83936882019043,376.1861324310303
