mode,load,0_bert-1,1_whisper-1
tm,1.0,17.435789108276367,446.7329978942871
