mode,load,0_bert-1,1_whisper-1
tm,1.0,89.29627935953397,2.617036520947714
