mode,load,0_bert-1,1_whisper-1
tm,1.0,13.357400894165039,438.8681650161743
