mode,load,0_bert-1,1_whisper-1
tm,1.0,72.93423236052044,2.280136766936891
