mode,load,0_bert-1,1_whisper-1,2_diffusion-1
tm,1.0,19.47808265686035,1291.64719581604,12947.02124595642
