mode,load,0_bert-1,1_whisper-1,2_diffusion-1
tm,1.0,9.130716323852539,431.52546882629395,6773.85401725769
