mode,load,0_bert-1,1_whisper-1,2_diffusion-1
tm,1.0,26.628732681274414,1296.7407703399658,12972.594261169434
