mode,load,0_bert-1,1_whisper-1,2_diffusion-1
tm,1.0,12.619972229003906,1251.3266801834106,12514.292240142822
