mode,load,0_bert-1,1_whisper-1,2_diffusion-1
tm,1.0,21.59738540649414,1293.0274963378906,12965.676546096802
