mode,load,0_bert-1,1_whisper-1,2_diffusion-1
tm,1.0,19.037723541259766,1254.7852993011475,12911.178827285767
