mode,load,0_bert-1,1_whisper-1,2_diffusion-1
tm,1.0,25.75504779815674,1294.798448085785,12971.706297397614
