mode,load,0_bert-1,1_whisper-1,2_diffusion-1
tm,1.0,51.21735216708825,0.7943428649359597,0.07843244142924495
