mode,load,0_bert-1,1_whisper-1,2_diffusion-1
tm,1.0,70.6187361567251,0.8269623003682715,0.0813300055171099
