mode,load,0_bert-1,1_whisper-1,2_diffusion-1
tm,1.0,9.416341781616211,893.4421539306641,8375.729322433472
