mode,load,0_whisper-1,1_gpt-1
mps-uncap,1.0,381.6014885902405,1550.4372835159302
