mode,load,0_whisper-1,1_gpt-1
mps-uncap,1.0,382.43985176086426,1551.6581535339355
