mode,load,0_whisper-1,1_gpt-1
mps-uncap,1.0,378.1665563583374,1539.4058227539062
