mode,load,0_whisper-1,1_gpt-1
mps-uncap,1.0,379.9992084503174,1544.5768356323242
