mode,load,0_whisper-1,1_gpt-1
mps-uncap,1.0,367.62118339538574,1416.6858196258545
