mode,load,0_whisper-1,1_gpt-1
mps-uncap,1.0,2.6519727370611874,0.6501589151366651
