mode,load,0_whisper-1,1_gpt-1
tm,1.0,370.22948265075684,3662.304401397705
