mode,load,0_whisper-1,1_gpt-1
tm,1.0,363.527774810791,2792.9091453552246
