mode,load,0_whisper-1,1_gpt-1
tm,1.0,1272.7551460266113,3442.688465118408
