mode,load,0_whisper-1,1_gpt-1
tm,1.0,368.1284189224243,3656.9549083709717
