mode,load,0_whisper-1,1_gpt-1
tm,1.0,366.9850826263428,3653.318405151367
