mode,load,0_whisper-1,1_gpt-1
tm,1.0,368.87277841567993,3661.795506477356
