mode,load,0_whisper-1,1_gpt-1
tm,1.0,2.8219581358457604,0.29827543371911186
