mode,load,0_whisper-1,1_gpt-1
tm,1.0,2.7251463907500177,0.2745653786676291
