mode,load,0_gpt-1,1_diffusion-1
tm,1.0,7196.535215377808,13880.069925785065
