mode,load,0_gpt-1,1_diffusion-1
tm,1.0,5543.376207351685,13810.490846633911
