mode,load,0_gpt-1,1_diffusion-1
tm,1.0,7199.357032775879,13880.867958068848
