mode,load,0_gpt-1,1_diffusion-1
tm,1.0,7791.576147079468,13884.308099746704
