mode,load,0_gpt-1,1_diffusion-1
tm,1.0,7790.491533279419,13882.849571704865
