mode,load,0_gpt-1,1_diffusion-1
tm,1.0,7172.4127769470215,13874.941039085388
