mode,load,0_gpt-1,1_diffusion-1
tm,1.0,7298.164367675781,13861.621260643005
