mode,load,0_bert-1,1_whisper-1,2_diffusion-1
tm,1.0,18.900518417358395,1110.272045135498,18344.084663391113
