mode,load,0_bert-1,1_whisper-1,2_diffusion-1
tm,1.0,14.020442962646484,407.52458572387695,14187.76822090149
