mode,load,0_bert-1,1_whisper-1,2_diffusion-1
tm,1.0,18.55635643005371,1106.8714618682861,18337.896585464478
