mode,load,0_whisper-1,1_gpt-1,2_diffusion-1
tm,1.0,987.0109558105469,9790.46368598938,9973.693370819092
