mode,load,0_bert-1,1_whisper-1,2_gpt-1
mps-uncap,1.0,8.983850479125977,366.92190170288086,1839.3948078155518
