mode,load,0_bert-1,1_whisper-1,2_gpt-1
mps-uncap,1.0,17.902612686157227,371.2310791015625,1850.693941116333
