mode,load,0_bert-1,1_whisper-1,2_gpt-1
mps-uncap,1.0,9.561657905578613,368.86324882507324,1842.4232006072998
