mode,load,0_bert-1,1_whisper-1,2_gpt-1
mps-uncap,1.0,16.492724418640137,370.26257514953613,1846.7974781990051
