mode,load,0_bert-1,1_whisper-1,2_gpt-1
mps-uncap,1.0,6.7806243896484375,360.87775230407715,1711.5271091461182
