mode,load,0_bert-1,1_whisper-1,2_gpt-1
mps-uncap,1.0,108.90786512593499,2.7262400655622394,0.5443220332549217
