mode,load,0_bert-1,1_whisper-1
mps-uncap,1.0,14.014482498168945,246.07491493225098
