mode,load,0_bert-1,1_whisper-1
mps-uncap,1.0,16.056346893310547,252.2889137268066
