mode,load,0_bert-1,1_whisper-1
mps-uncap,1.0,14.27459716796875,248.626708984375
