mode,load,0_bert-1,1_whisper-1
mps-uncap,1.0,18.353397846221924,264.5712947845458
