mode,load,0_bert-1,1_whisper-1
mps-uncap,1.0,24.8565673828125,304.22496795654297
