mode,load,0_bert-1,1_whisper-1
mps-uncap,1.0,68.12395227649714,4.008521768896373
