mode,load,0_bert-1,1_gpt-1
tm,1.0,8.786439895629883,2470.3352451324463
