mode,load,0_diffusion-1
mps-uncap,1.0,9751.487255096436
mps-uncap,1.0,9768.121242523193
