mode,load,0_diffusion-1
mps-uncap,1.0,9839.980363845825
mps-uncap,1.0,9841.249704360962
