mode,load,0_diffusion-1
mps-uncap,1.0,9586.549282073975
mps-uncap,1.0,9588.237524032593
