mode,load,0_diffusion-1
mps-uncap,1.0,9839.445266723633
mps-uncap,1.0,9840.022611618042
