mode,load,0_diffusion-1
mps-uncap,1.0,9834.783458709717
mps-uncap,1.0,9830.027914047241
