mode,load,0_diffusion-1
mps-uncap,1.0,0.10272611683692899
mps-uncap,1.0,0.10270863841685113
