mode,load,0_gpt-1,1_diffusion-1
tm,1.0,7784.591197967529,13877.067494392395
