mode,load,0_gpt-1,1_diffusion-1
tm,1.0,0.13411744374227072,0.07214824395275672
