mode,load,0_bert-1,1_gpt-1,2_diffusion-1
tm,1.0,26.144027709960938,10676.71251296997,18584.890604019165
