mode,load,0_bert-1,1_gpt-1,2_diffusion-1
tm,1.0,29.523134231567383,11057.684421539307,18551.594018936157
