mode,load,0_bert-1,1_gpt-1,2_diffusion-1
tm,1.0,16.865968704223633,10516.793251037598,18525.36153793335
