mode,load,0_bert-1,1_gpt-1,2_diffusion-1
tm,1.0,14.001607894897461,8430.460929870605,14470.772504806519
