mode,load,0_bert-1,1_gpt-1,2_diffusion-1
tm,1.0,17.801485061645508,10676.032438278198,18584.361391067505
