mode,load,0_bert-1,1_gpt-1,2_diffusion-1
tm,1.0,60.06528524602607,0.09390995756352881,0.05469350237874869
