mode,load,0_whisper-1
tm,1.0,186.2809658050537
tm,1.0,205.98292350769043
