mode,load,0_whisper-1
tm,1.0,185.24718284606934
tm,1.0,184.67364311218262
