mode,load,0_whisper-1
tm,1.0,183.99453163146973
tm,1.0,184.0660572052002
