mode,load,0_whisper-1
tm,1.0,184.51261520385742
tm,1.0,184.48710441589355
