mode,load,0_whisper-1
tm,1.0,5.416135401318941
tm,1.0,5.419016287449746
