mode,load,0_bert-1,1_whisper-1
mps-uncap,1.0,10.256779193878176,189.90723609924316
