mode,load,0_bert-1,1_whisper-1
mps-uncap,1.0,11.073589324951172,190.6583309173584
