mode,load,0_bert-1,1_whisper-1
mps-uncap,1.0,4.710197448730469,182.45816230773926
