mode,load,0_bert-1,1_whisper-1
mps-uncap,1.0,4.811286926269531,188.66443634033203
