mode,load,0_bert-1,1_whisper-1
mps-uncap,1.0,4.956245422363281,189.4810676574707
