mode,load,0_bert-1,1_whisper-1
mps-uncap,1.0,196.5575274172986,5.300541639455221
