mode,load,0_whisper-1,1_diffusion-1
tm,1.0,255.91540336608887,6486.610412597656
