mode,load,0_whisper-1,1_diffusion-1
tm,1.0,813.5147094726562,8360.25881767273
