mode,load,0_bert-1,1_whisper-1,2_gpt-1
tm,1.0,13.834238052368164,812.8719329833984,7274.42991733551
