mode,load,0_bert-1,1_whisper-1,2_gpt-1
tm,1.0,19.41661834716797,816.168999671936,7289.217338562012
