mode,load,0_whisper-1,1_diffusion-1
tm,1.0,814.6205425262451,8385.10947227478
