mode,load,0_whisper-1,1_diffusion-1
tm,1.0,215.10577201843262,7933.677911758423
