mode,load,0_whisper-1,1_diffusion-1
tm,1.0,815.4923915863037,8409.29913520813
