mode,load,0_whisper-1,1_diffusion-1
tm,1.0,827.5899887084961,8484.37488079071
