mode,load,0_whisper-1,1_diffusion-1
tm,1.0,828.2457590103149,8501.643776893616
