mode,load,0_whisper-1,1_diffusion-1
tm,1.0,815.2700996398926,8402.985858917236
