mode,load,0_whisper-1,1_diffusion-1
tm,1.0,1.3151868856651727,0.12057773001080517
