mode,load,0_whisper-1,1_diffusion-1
tm,1.0,1.2960746270748895,0.11876716274429934
