mode,load,0_bert-1,1_diffusion-1
mps-uncap,1.0,45.035600662231445,8136.059761047363
