mode,load,0_bert-1,1_diffusion-1
mps-uncap,1.0,8.198738098144531,8128.712177276611
