mode,load,0_bert-1,1_diffusion-1
mps-uncap,1.0,4.678487777709961,8045.635938644409
