mode,load,0_bert-1,1_diffusion-1
mps-uncap,1.0,18.4323501586914,8135.880084037782
