mode,load,0_bert-1,1_diffusion-1
mps-uncap,1.0,15.059661865234375,8134.734392166138
