mode,load,0_bert-1,1_diffusion-1
mps-uncap,1.0,108.83731217550276,0.12309210645172942
