mode,load,0_gpt-1,1_diffusion-1
tm,1.0,7485.745882987976,8134.540297985076
