mode,load,0_gpt-1,1_diffusion-1
tm,1.0,7356.837854385376,8049.108340740205
