mode,load,0_whisper-1,1_gpt-1
tm,1.0,395.8909511566162,2930.710792541504
