mode,load,0_whisper-1,1_gpt-1
tm,1.0,284.1026306152344,2919.9018239974976
