mode,load,0_whisper-1,1_gpt-1
tm,1.0,282.89103507995605,2910.380244255066
