mode,load,0_whisper-1,1_gpt-1
tm,1.0,3.5349074533814013,0.3447047209487821
