mode,load,0_bert-1,1_gpt-1
tm,1.0,14.07003402709961,2905.3757190704346
