mode,load,0_bert-1,1_gpt-1
tm,1.0,27.18806266784668,3063.476800918579
