mode,load,0_bert-1,1_gpt-1
tm,1.0,15.066719055175783,3030.161452293396
