mode,load,0_bert-1,1_gpt-1
tm,1.0,16.154484748840325,3063.3030796051025
