mode,load,0_bert-1,1_gpt-1
tm,1.0,15.60671329498291,3020.8795070648193
