mode,load,0_bert-1,1_gpt-1
tm,1.0,68.37509379099974,0.3310049206368182
