mode,load,0_bert-1,1_gpt-1
tm,1.0,4.851579666137695,4016.9363021850586
