mode,load,0_bert-1,1_gpt-1
tm,1.0,4.655122756958008,3820.248603820801
