mode,load,0_bert-1,1_gpt-1
tm,1.0,5.062282085418698,4018.965883255005
