mode,load,0_bert-1,1_gpt-1
tm,1.0,7.75456428527832,4019.4454193115234
