mode,load,0_bert-1,1_whisper-1,2_diffusion-1
tm,1.0,30.424118041992188,1111.0000610351562,18344.667434692383
