mode,load,0_bert-1,1_whisper-1,2_diffusion-1
tm,1.0,16.551733016967773,1100.1543998718262,18299.904108047485
