mode,load,0_bert-1,1_whisper-1,2_diffusion-1
tm,1.0,59.476773896477965,0.938856157761921,0.05546258712145535
