mode,load,0_bert-1,1_whisper-1,2_diffusion-1
tm,1.0,60.13676868017737,0.9362743490587329,0.055381165450824485
