mode,load,0_whisper-1,1_gpt-1
tm,1.0,278.3854007720947,2105.142831802368
