mode,load,0_whisper-1,1_gpt-1
tm,1.0,285.3304433822631,2926.7349529266357
