mode,load,0_whisper-1,1_diffusion-1
mps-uncap,1.0,288.13624382019043,10991.743326187134
