mode,load,0_whisper-1,1_diffusion-1
mps-uncap,1.0,616.8570518493652,11021.483659744263
