mode,load,0_whisper-1,1_diffusion-1
mps-uncap,1.0,751.9459152221681,11064.519357681274
