mode,load,0_whisper-1,1_diffusion-1
mps-uncap,1.0,765.1538848876953,11065.761089324951
