mode,load,0_whisper-1,1_diffusion-1
mps-uncap,1.0,622.682523727417,11053.343772888184
