mode,load,0_whisper-1,1_diffusion-1
mps-uncap,1.0,1.6478132203543399,0.09067211280936222
