mode,load,0_bert-1,1_whisper-1,2_diffusion-1
tm,1.0,16.81661605834961,1253.1788349151611,12548.691606521606
