mode,load,0_bert-1,1_whisper-1,2_diffusion-1
tm,1.0,18.85986328125,1254.3297243118286,12830.84599494934
