mode,load,0_whisper-1,1_diffusion-1
tm,1.0,252.0272731781006,10464.563131332397
