mode,load,0_whisper-1,1_diffusion-1
tm,1.0,808.7965250015259,13639.794111251831
