mode,load,0_whisper-1,1_diffusion-1
tm,1.0,823.1959342956543,13667.973041534424
