mode,load,0_whisper-1,1_diffusion-1
tm,1.0,819.9954199790955,13667.469239234924
