mode,load,0_whisper-1,1_diffusion-1
tm,1.0,814.6687698364258,13658.250122070312
