mode,load,0_whisper-1,1_diffusion-1
tm,1.0,815.5179023742676,13660.471677780151
