mode,load,0_whisper-1,1_diffusion-1
tm,1.0,808.1380128860474,13628.552198410034
