mode,load,0_bert-1,1_whisper-1
tm,1.0,16.762981414794925,314.20801162719727
