mode,load,0_bert-1,1_whisper-1
tm,1.0,15.729665756225586,312.4602794647217
