mode,load,0_bert-1,1_whisper-1,2_diffusion-1
tm,1.0,18.621444702148438,1102.1003007888794,18278.732347488403
