mode,load,0_bert-1,1_whisper-1,2_diffusion-1
tm,1.0,16.61086082458496,1095.7303047180176,18234.273433685303
