mode,load,0_bert-1,1_whisper-1,2_diffusion-1
tm,1.0,26.957273483276367,1111.0520362854004,18285.98380088806
