mode,load,0_bert-1,1_whisper-1,2_diffusion-1
tm,1.0,14.124870300292969,453.265905380249,14663.91634941101
