mode,load,0_bert-1,1_whisper-1,2_diffusion-1
tm,1.0,18.91779899597168,1107.2181463241577,18285.04141807556
