mode,load,0_bert-1,1_diffusion-1
tm,1.0,4.591464996337891,10229.775190353394
