mode,load,0_bert-1,1_diffusion-1
tm,1.0,7.504940032958984,11708.181977272034
