mode,load,0_bert-1,1_diffusion-1
tm,1.0,134.4456688425612,0.08586049410665118
