mode,load,0_bert-1,1_whisper-1
tm,1.0,12.73183822631836,388.58848571777344
