mode,load,0_bert-1,1_whisper-1
tm,1.0,13.160467147827148,389.1115188598633
