mode,load,0_bert-1,1_gpt-1
mps-uncap,1.0,9.703636169433594,1540.73166847229
