mode,load,0_bert-1,1_gpt-1
mps-uncap,1.0,9.062767028808594,1539.6685123443604
