mode,load,0_bert-1,1_gpt-1
mps-uncap,1.0,6.781101226806641,1480.311393737793
