mode,load,0_bert-1,1_gpt-1
mps-uncap,1.0,9.28896427154541,1540.4925155639648
