mode,load,0_bert-1,1_gpt-1
mps-uncap,1.0,8.781075477600098,1537.0957851409912
