mode,load,0_bert-1,1_gpt-1
mps-uncap,1.0,115.07967520680734,0.6507296492653574
