mode,load,0_bert-1,1_whisper-1
tm,1.0,7.706880569458008,257.48705863952637
