mode,load,0_bert-1,1_whisper-1
tm,1.0,8.340020179748535,258.4709358215332
