mode,load,0_bert-1,1_whisper-1,2_diffusion-1
tm,1.0,11.878728866577148,1017.0080304145812,13840.379745960236
