mode,load,0_bert-1,1_whisper-1,2_diffusion-1
tm,1.0,12.041568756103516,1017.4698829650879,13841.96424484253
