mode,load,0_bert-1,1_whisper-1,2_diffusion-1
tm,1.0,114.19504082407839,1.015347397638555,0.07279844660756936
