mode,load,0_whisper-1,1_gpt-1
tm,1.0,388.3850574493408,4103.883981704712
