mode,load,0_whisper-1,1_gpt-1
tm,1.0,368.7927722930908,3981.220245361328
