mode,load,0_whisper-1,1_gpt-1
tm,1.0,2.6735343693476903,0.24474890389388254
