mode,load,0_bert-1,1_whisper-1
tm,1.0,30.322551727294922,317.95620918273926
