mode,load,0_bert-1,1_whisper-1
tm,1.0,16.058635711669922,314.14434909820557
