mode,load,0_bert-1,1_whisper-1
tm,1.0,15.183687210083008,312.3137950897217
