mode,load,0_bert-1,1_whisper-1
tm,1.0,13.879776000976562,280.33947944641113
