mode,load,0_bert-1,1_whisper-1
tm,1.0,14.736413955688477,310.83977222442627
