mode,load,0_bert-1,1_whisper-1
tm,1.0,27.941465377807617,315.0026798248291
