mode,load,0_bert-1,1_whisper-1
tm,1.0,17.969493865966797,315.8873701095581
