mode,load,0_bert-1,1_whisper-1
tm,1.0,65.61414027763672,3.2032410303671726
