mode,load,0_bert-1,1_whisper-1
tm,1.0,67.25186236481404,3.2186189126533193
