mode,load,0_bert-1,1_whisper-1
tm,1.0,14.01972770690918,249.97615814208984
