mode,load,0_bert-1,1_whisper-1,2_diffusion-1
tm,1.0,4.708051681518555,607.3744297027588,12683.369159698486
