mode,load,0_bert-1,1_whisper-1,2_diffusion-1
tm,1.0,7.74836540222168,1013.9425992965698,13767.881631851196
