mode,load,0_bert-1,1_whisper-1,2_diffusion-1
tm,1.0,11.480569839477539,1016.3877010345459,13824.701595306396
