mode,load,0_whisper-1,1_gpt-1
mps-uncap,1.0,366.62872314453125,2545.1423931121826
