mode,load,0_whisper-1,1_gpt-1
mps-uncap,1.0,368.9084053039551,2561.6471767425537
