mode,load,0_whisper-1,1_gpt-1
mps-uncap,1.0,359.0352535247803,2491.5926456451416
