mode,load,0_whisper-1,1_gpt-1
mps-uncap,1.0,338.702917098999,2449.8374462127686
