mode,load,0_whisper-1,1_gpt-1
mps-uncap,1.0,362.7573490142822,2509.254741668701
