mode,load,0_whisper-1,1_gpt-1
mps-uncap,1.0,2.79100193960238,0.4009577049193626
