mode,load,0_bert-1,1_diffusion-1
mps-uncap,1.0,69.4284439086914,10758.05377960205
