mode,load,0_bert-1,1_diffusion-1
mps-uncap,1.0,26.922178268432617,10753.179788589478
