mode,load,0_bert-1,1_diffusion-1
mps-uncap,1.0,34.11401271820068,10757.559549808502
