mode,load,0_bert-1,1_diffusion-1
mps-uncap,1.0,14.011859893798828,10090.517282485962
