mode,load,0_bert-1,1_diffusion-1
mps-uncap,1.0,19.13917064666748,10740.304112434387
