mode,load,0_bert-1,1_diffusion-1
mps-uncap,1.0,47.807854182767045,0.09362917937656352
