mode,load,0_whisper-1,1_gpt-1,2_diffusion-1
tm,1.0,1016.6072845458984,10031.17299079895,16852.140188217163
