mode,load,0_whisper-1,1_gpt-1,2_diffusion-1
tm,1.0,597.3448753356934,7734.800100326538,16813.0624294281
