mode,load,0_whisper-1,1_gpt-1,2_diffusion-1
tm,1.0,1009.6926689147949,10025.353193283081,16849.468231201172
