mode,load,0_bert-1,1_diffusion-1
tm,1.0,14.119863510131836,13655.864953994751
