mode,load,0_bert-1,1_diffusion-1
tm,1.0,62.33326626559213,0.06912878909915075
