mode,load,0_bert-1,1_whisper-1,2_gpt-1
tm,1.0,20.209312438964844,819.0062046051025,7291.320562362671
