mode,load,0_bert-1,1_whisper-1,2_gpt-1
tm,1.0,9.732246398925781,456.8452835083008,4223.780155181885
