mode,load,0_bert-1,1_whisper-1,2_gpt-1
tm,1.0,9.537458419799805,584.6731662750244,3770.6527709960938
