mode,load,0_bert-1,1_whisper-1,2_gpt-1
tm,1.0,16.185283660888672,814.587140083313,7282.384204864502
