mode,load,0_bert-1,1_whisper-1,2_gpt-1
tm,1.0,19.954204559326172,798.027753829956,7697.934627532959
