mode,load,0_bert-1,1_whisper-1,2_gpt-1
tm,1.0,71.23615100826345,1.2325325402132419,0.13885468285636476
