mode,load,0_bert-1,1_gpt-1
mps-uncap,1.0,14.008522033691406,2328.702211380005
