mode,load,0_bert-1,1_gpt-1
mps-uncap,1.0,15.480577945709229,2446.3387989997864
