mode,load,0_bert-1,1_gpt-1
mps-uncap,1.0,14.375448226928711,2335.935115814209
