mode,load,0_bert-1,1_gpt-1
mps-uncap,1.0,14.57357406616211,2412.2292518615723
