mode,load,0_bert-1,1_gpt-1
mps-uncap,1.0,23.217201232910156,2467.0569896698
