mode,load,0_bert-1,1_gpt-1
mps-uncap,1.0,69.35862679013971,0.4251704728383114
