mode,load,0_bert-1,1_diffusion-1
tm,1.0,18.158674240112305,11454.18906211853
