mode,load,0_bert-1,1_diffusion-1
tm,1.0,16.87932014465332,11174.861431121826
