mode,load,0_bert-1,1_diffusion-1
tm,1.0,17.88926124572754,11046.791315078735
