mode,load,0_bert-1,1_diffusion-1
tm,1.0,16.98780059814453,11192.170190811157
