mode,load,0_bert-1,1_diffusion-1
tm,1.0,17.05336570739746,11388.642382621765
