mode,load,0_bert-1,1_diffusion-1
tm,1.0,60.03172033127235,0.08944956993161618
