mode,load,0_bert-1,1_diffusion-1
tm,1.0,60.96148891563944,0.09169415809868108
