mode,load,0_bert-1,1_gpt-1,2_diffusion-1
tm,1.0,8.780241012573242,9122.698068618774,11362.578868865967
