mode,load,0_bert-1,1_gpt-1,2_diffusion-1
tm,1.0,19.367854595184326,12069.56571340561,12503.736352920532
