mode,load,0_bert-1,1_gpt-1,2_diffusion-1
tm,1.0,9.635686874389648,8933.428287506104,8273.826360702515
