mode,load,0_bert-1,1_gpt-1,2_diffusion-1
tm,1.0,13.826847076416016,10918.792128562927,12130.604982376099
