mode,load,0_bert-1,1_gpt-1,2_diffusion-1
tm,1.0,19.164323806762695,11934.097051620483,12492.232656478882
