mode,load,0_bert-1,1_gpt-1,2_diffusion-1
tm,1.0,13.937950134277344,11029.175710678102,12148.762035369873
