mode,load,0_bert-1,1_gpt-1,2_diffusion-1
tm,1.0,73.38341616258684,0.09232806779554423,0.08244803217404373
