mode,load,0_gpt-1,1_diffusion-1
tm,1.0,2528.186559677124,7638.627052307129
