mode,load,0_gpt-1,1_diffusion-1
tm,1.0,7360.3363037109375,8064.293384552002
