mode,load,0_gpt-1,1_diffusion-1
tm,1.0,7211.017322540283,8021.820044517517
