mode,load,0_gpt-1,1_diffusion-1
tm,1.0,6720.6926345825195,8009.642958641052
