mode,load,0_gpt-1,1_diffusion-1
tm,1.0,0.1486433206913659,0.12498828094337854
