mode,load,0_whisper-1,1_gpt-1
tm,1.0,342.38505363464355,2255.570650100708
