mode,load,0_whisper-1,1_gpt-1
tm,1.0,353.2698154449463,3364.863872528076
