mode,load,0_whisper-1,1_gpt-1
tm,1.0,354.7220230102539,3379.057812690735
