mode,load,0_whisper-1,1_gpt-1
tm,1.0,355.8119535446167,3391.478979587555
