mode,load,0_bert-1,1_gpt-1,2_diffusion-1
tm,1.0,19.035816192626953,11879.717826843262,12482.287645339966
