mode,load,0_bert-1,1_gpt-1,2_diffusion-1
tm,1.0,21.901845932006836,12080.48152923584,12505.801439285278
