mode,load,0_bert-1,1_gpt-1,2_diffusion-1
tm,1.0,53.42915768075854,0.08492815975686557,0.08122265238439108
