mode,load,0_whisper-1,1_diffusion-1
tm,1.0,828.5703659057617,8503.315210342407
