mode,load,0_whisper-1,1_diffusion-1
tm,1.0,826.0464668273926,8454.625487327576
