mode,load,0_whisper-1,1_gpt-1
tm,1.0,378.87752056121826,4284.796476364136
