mode,load,0_whisper-1,1_gpt-1
tm,1.0,388.9443874359131,4291.388750076294
