mode,load,0_bert-1,1_whisper-1,2_gpt-1
mps-uncap,1.0,29.587626457214355,418.26106548309326,2704.313027858734
