mode,load,0_bert-1,1_whisper-1,2_gpt-1
mps-uncap,1.0,14.615774154663086,411.358118057251,2691.1717653274536
