mode,load,0_bert-1,1_whisper-1,2_gpt-1
mps-uncap,1.0,64.0571117401123,418.7324047088623,2704.3590545654297
