mode,load,0_bert-1,1_whisper-1,2_gpt-1
mps-uncap,1.0,14.12820816040039,363.1875514984131,2369.459629058838
