mode,load,0_bert-1,1_whisper-1,2_gpt-1
mps-uncap,1.0,15.555191040039066,414.7946834564209,2701.2083530426025
