mode,load,0_bert-1,1_whisper-1,2_gpt-1
mps-uncap,1.0,64.93019694859986,2.433980600045184,0.3731775112619154
